{
    "output_parameters": {
        "noiseTimeWindowBegin": 314, 
        "efficiencyMuon_err": 0.021175915873535386, 
        "efficiencyMuon": 0.9514563106796117, 
        "muonTimeWindowEnd": 294, 
        "muonCMP_err": 0.01941747572815533, 
        "efficiencyAbs": 0.9514563106796117, 
        "muonCMP": 1.0194174757281553, 
        "muonCLS": 3.0095238095238095, 
        "muonTimeWindowBegin": 240, 
        "muonTimeWindow": 54, 
        "muonCLS_err": 0.05843735552473417, 
        "noiseRate": -1, 
        "noiseTimeWindow": 286, 
        "efficiencyAbs_err": 0.021175915873535386, 
        "muonWindowMean": 267, 
        "muonWindowSigma": 9, 
        "noiseTimeWindowEnd": 600
    }, 
    "input_parameters": {
        "scanid": 73, 
        "scanType": "efficiency", 
        "muonWindowWidth": 3, 
        "timeWindowReject": 100, 
        "noiseOffsetFromMuonWindow": 20, 
        "triggerWindow": 600, 
        "HVPoint": 5
    }
}