{
    "output_parameters": {
        "noiseTimeWindowBegin": 381.0, 
        "efficiencyMuon_err": 0.03722905761956212, 
        "efficiencyMuon": 0.8316831683168316, 
        "muonTimeWindowEnd": 361.0, 
        "muonCMP_err": 0.08910891089108919, 
        "efficiencyAbs": 0.8316831683168316, 
        "muonCMP": 0.8415841584158416, 
        "muonCLS": 1.5176470588235293, 
        "muonTimeWindowBegin": 304.0, 
        "muonTimeWindow": 57.0, 
        "muonCLS_err": 0.14530663329161442, 
        "noiseRate": -1, 
        "noiseTimeWindow": 219.0, 
        "efficiencyAbs_err": 0.03722905761956212, 
        "muonWindowMean": 332.5, 
        "muonWindowSigma": 9.5, 
        "noiseTimeWindowEnd": 600
    }, 
    "input_parameters": {
        "scanid": 347, 
        "scanType": "efficiency", 
        "muonWindowWidth": 3, 
        "timeWindowReject": 100, 
        "noiseOffsetFromMuonWindow": 20, 
        "triggerWindow": 600, 
        "HVPoint": 3
    }
}