{
    "output_parameters": {
        "noiseTimeWindowBegin": 314, 
        "efficiencyMuon_err": 0.019405900581934508, 
        "efficiencyMuon": 0.039603960396039604, 
        "muonTimeWindowEnd": 294, 
        "muonCMP_err": 0.019801980198019806, 
        "efficiencyAbs": 0.039603960396039604, 
        "muonCMP": 0.04950495049504951, 
        "muonCLS": 6.4, 
        "muonTimeWindowBegin": 240, 
        "muonTimeWindow": 54, 
        "muonCLS_err": 1.8285714285714292, 
        "noiseRate": -1, 
        "noiseTimeWindow": 286, 
        "efficiencyAbs_err": 0.019405900581934508, 
        "muonWindowMean": 267, 
        "muonWindowSigma": 9, 
        "noiseTimeWindowEnd": 600
    }, 
    "input_parameters": {
        "scanid": 73, 
        "scanType": "efficiency", 
        "muonWindowWidth": 3, 
        "timeWindowReject": 100, 
        "noiseOffsetFromMuonWindow": 20, 
        "triggerWindow": 600, 
        "HVPoint": 2
    }
}