{
    "workingPoint_raw": 6957.814858013885, 
    "muonCMP": 1.019720876380983, 
    "workingPoint_err": 27.484547226527514, 
    "iMonTot": 0.06748277106877419, 
    "muonCLS": 3.9519563083098626, 
    "eff_raw": 98.40059917904263, 
    "iMonTop": 0.029631224709127952, 
    "effMax": 99.03654646142553, 
    "muonCLS_err": 1.8285714285714292, 
    "workingPoint": 6957.813849568339, 
    "effMax_raw": 99.03655558484137, 
    "muonCMP_err": 0.019801980198019806, 
    "eff": 98.40058771168844, 
    "iMonBot": 0.037851546359646236
}