{
    "output_parameters": {
        "noiseTimeWindowBegin": 381.0, 
        "efficiencyMuon_err": 0.016892409641336776, 
        "efficiencyMuon": 0.9702970297029703, 
        "muonTimeWindowEnd": 361.0, 
        "muonCMP_err": 0.40594059405940586, 
        "efficiencyAbs": 0.9702970297029703, 
        "muonCMP": 1.0792079207920793, 
        "muonCLS": 2.5688073394495414, 
        "muonTimeWindowBegin": 304.0, 
        "muonTimeWindow": 57.0, 
        "muonCLS_err": 0.7021406727828747, 
        "noiseRate": -1, 
        "noiseTimeWindow": 219.0, 
        "efficiencyAbs_err": 0.016892409641336776, 
        "muonWindowMean": 332.5, 
        "muonWindowSigma": 9.5, 
        "noiseTimeWindowEnd": 600
    }, 
    "input_parameters": {
        "scanid": 353, 
        "scanType": "efficiency", 
        "muonWindowWidth": 3, 
        "timeWindowReject": 100, 
        "noiseOffsetFromMuonWindow": 20, 
        "triggerWindow": 600, 
        "HVPoint": 7
    }
}