{
    "output_parameters": {
        "noiseTimeWindowBegin": 381.0, 
        "efficiencyMuon_err": 0.04702131811188595, 
        "efficiencyMuon": 0.6633663366336634, 
        "muonTimeWindowEnd": 361.0, 
        "muonCMP_err": 0.06930693069306926, 
        "efficiencyAbs": 0.6633663366336634, 
        "muonCMP": 0.6831683168316832, 
        "muonCLS": 1.536231884057971, 
        "muonTimeWindowBegin": 304.0, 
        "muonTimeWindow": 57.0, 
        "muonCLS_err": 0.1414950419527079, 
        "noiseRate": -1, 
        "noiseTimeWindow": 219.0, 
        "efficiencyAbs_err": 0.04702131811188595, 
        "muonWindowMean": 332.5, 
        "muonWindowSigma": 9.5, 
        "noiseTimeWindowEnd": 600
    }, 
    "input_parameters": {
        "scanid": 359, 
        "scanType": "efficiency", 
        "muonWindowWidth": 3, 
        "timeWindowReject": 100, 
        "noiseOffsetFromMuonWindow": 20, 
        "triggerWindow": 600, 
        "HVPoint": 3
    }
}