{
    "output_parameters": {
        "noiseTimeWindowBegin": 381.0, 
        "efficiencyMuon_err": 0.013862786490806016, 
        "efficiencyMuon": 0.9801980198019802, 
        "muonTimeWindowEnd": 361.0, 
        "muonCMP_err": 0.48514851485148514, 
        "efficiencyAbs": 0.9801980198019802, 
        "muonCMP": 1.0396039603960396, 
        "muonCLS": 2.942857142857143, 
        "muonTimeWindowBegin": 304.0, 
        "muonTimeWindow": 57.0, 
        "muonCLS_err": 0.9363636363636365, 
        "noiseRate": -1, 
        "noiseTimeWindow": 219.0, 
        "efficiencyAbs_err": 0.013862786490806016, 
        "muonWindowMean": 332.5, 
        "muonWindowSigma": 9.5, 
        "noiseTimeWindowEnd": 600
    }, 
    "input_parameters": {
        "scanid": 347, 
        "scanType": "efficiency", 
        "muonWindowWidth": 3, 
        "timeWindowReject": 100, 
        "noiseOffsetFromMuonWindow": 20, 
        "triggerWindow": 600, 
        "HVPoint": 7
    }
}