{
    "output_parameters": {
        "noiseTimeWindowBegin": 381.0, 
        "efficiencyMuon_err": 0.0388867516060582, 
        "efficiencyMuon": 0.18811881188118812, 
        "muonTimeWindowEnd": 361.0, 
        "muonCMP_err": 0.009900990099009882, 
        "efficiencyAbs": 0.18811881188118812, 
        "muonCMP": 0.19801980198019803, 
        "muonCLS": 1.2, 
        "muonTimeWindowBegin": 304.0, 
        "muonTimeWindow": 57.0, 
        "muonCLS_err": 0.05714285714285716, 
        "noiseRate": -1, 
        "noiseTimeWindow": 219.0, 
        "efficiencyAbs_err": 0.0388867516060582, 
        "muonWindowMean": 332.5, 
        "muonWindowSigma": 9.5, 
        "noiseTimeWindowEnd": 600
    }, 
    "input_parameters": {
        "scanid": 359, 
        "scanType": "efficiency", 
        "muonWindowWidth": 3, 
        "timeWindowReject": 100, 
        "noiseOffsetFromMuonWindow": 20, 
        "triggerWindow": 600, 
        "HVPoint": 1
    }
}