{
    "output_parameters": {
        "noiseTimeWindowBegin": 381.0, 
        "efficiencyMuon_err": 0.029719304073516868, 
        "efficiencyMuon": 0.900990099009901, 
        "muonTimeWindowEnd": 361.0, 
        "muonCMP_err": 0.19801980198019808, 
        "efficiencyAbs": 0.900990099009901, 
        "muonCMP": 0.9207920792079208, 
        "muonCLS": 2.021505376344086, 
        "muonTimeWindowBegin": 304.0, 
        "muonTimeWindow": 57.0, 
        "muonCLS_err": 0.35778856218479405, 
        "noiseRate": -1, 
        "noiseTimeWindow": 219.0, 
        "efficiencyAbs_err": 0.029719304073516868, 
        "muonWindowMean": 332.5, 
        "muonWindowSigma": 9.5, 
        "noiseTimeWindowEnd": 600
    }, 
    "input_parameters": {
        "scanid": 353, 
        "scanType": "efficiency", 
        "muonWindowWidth": 3, 
        "timeWindowReject": 100, 
        "noiseOffsetFromMuonWindow": 20, 
        "triggerWindow": 600, 
        "HVPoint": 5
    }
}