{
    "workingPoint_raw": 7393.158317978554, 
    "muonCMP": 0.9702970297029703, 
    "workingPoint_err": 34.357050969876894, 
    "iMonTot": 0.08782263212084623, 
    "muonCLS": 2.350163667418688, 
    "eff_raw": 96.58790055602178, 
    "iMonTop": 0.0660506633579213, 
    "effMax": 97.627327158198, 
    "muonCLS_err": 0.1501928640308583, 
    "workingPoint": 7393.160394070314, 
    "effMax_raw": 97.62726283873755, 
    "muonCMP_err": 0.06930693069306937, 
    "eff": 96.58795975122531, 
    "iMonBot": 0.02177196876292493
}