{
    "output_parameters": {
        "noiseTimeWindowBegin": 381.0, 
        "efficiencyMuon_err": 0.033321991675607045, 
        "efficiencyMuon": 0.8712871287128713, 
        "muonTimeWindowEnd": 361.0, 
        "muonCMP_err": 0.13861386138613863, 
        "efficiencyAbs": 0.8712871287128713, 
        "muonCMP": 0.900990099009901, 
        "muonCLS": 1.6593406593406594, 
        "muonTimeWindowBegin": 304.0, 
        "muonTimeWindow": 57.0, 
        "muonCLS_err": 0.22124542124542135, 
        "noiseRate": -1, 
        "noiseTimeWindow": 219.0, 
        "efficiencyAbs_err": 0.033321991675607045, 
        "muonWindowMean": 332.5, 
        "muonWindowSigma": 9.5, 
        "noiseTimeWindowEnd": 600
    }, 
    "input_parameters": {
        "scanid": 347, 
        "scanType": "efficiency", 
        "muonWindowWidth": 3, 
        "timeWindowReject": 100, 
        "noiseOffsetFromMuonWindow": 20, 
        "triggerWindow": 600, 
        "HVPoint": 4
    }
}