{
    "output_parameters": {
        "noiseTimeWindowBegin": 381.0, 
        "efficiencyMuon_err": 0.03633184004673582, 
        "efficiencyMuon": 0.15841584158415842, 
        "muonTimeWindowEnd": 361.0, 
        "muonCMP_err": 0.019801980198019792, 
        "efficiencyAbs": 0.15841584158415842, 
        "muonCMP": 0.16831683168316833, 
        "muonCLS": 1.2941176470588236, 
        "muonTimeWindowBegin": 304.0, 
        "muonTimeWindow": 57.0, 
        "muonCLS_err": 0.13622291021671828, 
        "noiseRate": -1, 
        "noiseTimeWindow": 219.0, 
        "efficiencyAbs_err": 0.03633184004673582, 
        "muonWindowMean": 332.5, 
        "muonWindowSigma": 9.5, 
        "noiseTimeWindowEnd": 600
    }, 
    "input_parameters": {
        "scanid": 353, 
        "scanType": "efficiency", 
        "muonWindowWidth": 3, 
        "timeWindowReject": 100, 
        "noiseOffsetFromMuonWindow": 20, 
        "triggerWindow": 600, 
        "HVPoint": 1
    }
}