{
    "output_parameters": {
        "noiseTimeWindowBegin": 381.0, 
        "efficiencyMuon_err": 0.03965294490504815, 
        "efficiencyMuon": 0.801980198019802, 
        "muonTimeWindowEnd": 361.0, 
        "muonCMP_err": 0.1089108910891089, 
        "efficiencyAbs": 0.801980198019802, 
        "muonCMP": 0.8415841584158416, 
        "muonCLS": 1.588235294117647, 
        "muonTimeWindowBegin": 304.0, 
        "muonTimeWindow": 57.0, 
        "muonCLS_err": 0.18198529411764697, 
        "noiseRate": -1, 
        "noiseTimeWindow": 219.0, 
        "efficiencyAbs_err": 0.03965294490504815, 
        "muonWindowMean": 332.5, 
        "muonWindowSigma": 9.5, 
        "noiseTimeWindowEnd": 600
    }, 
    "input_parameters": {
        "scanid": 353, 
        "scanType": "efficiency", 
        "muonWindowWidth": 3, 
        "timeWindowReject": 100, 
        "noiseOffsetFromMuonWindow": 20, 
        "triggerWindow": 600, 
        "HVPoint": 4
    }
}