{
    "workingPoint_raw": 7473.732133100806, 
    "muonCMP": 0.991150301429142, 
    "workingPoint_err": 36.66231977477303, 
    "iMonTot": 0.09319618290931365, 
    "muonCLS": 2.5134295371022146, 
    "eff_raw": 96.98304736312556, 
    "iMonTop": 0.06711967508222601, 
    "effMax": 98.37195031182831, 
    "muonCLS_err": 0.18490566037735867, 
    "workingPoint": 7473.745362956222, 
    "effMax_raw": 98.37206960205293, 
    "muonCMP_err": 0.06930693069306926, 
    "eff": 96.98284369393046, 
    "iMonBot": 0.026076507827087644
}