{
    "output_parameters": {
        "noiseTimeWindowBegin": 381.0, 
        "efficiencyMuon_err": 0.04955394105676097, 
        "efficiencyMuon": 0.5445544554455446, 
        "muonTimeWindowEnd": 361.0, 
        "muonCMP_err": 0.06930693069306937, 
        "efficiencyAbs": 0.5445544554455446, 
        "muonCMP": 0.6039603960396039, 
        "muonCLS": 1.459016393442623, 
        "muonTimeWindowBegin": 304.0, 
        "muonTimeWindow": 57.0, 
        "muonCLS_err": 0.1501928640308583, 
        "noiseRate": -1, 
        "noiseTimeWindow": 219.0, 
        "efficiencyAbs_err": 0.04955394105676097, 
        "muonWindowMean": 332.5, 
        "muonWindowSigma": 9.5, 
        "noiseTimeWindowEnd": 600
    }, 
    "input_parameters": {
        "scanid": 347, 
        "scanType": "efficiency", 
        "muonWindowWidth": 3, 
        "timeWindowReject": 100, 
        "noiseOffsetFromMuonWindow": 20, 
        "triggerWindow": 600, 
        "HVPoint": 2
    }
}