{
    "output_parameters": {
        "noiseTimeWindowBegin": 381.0, 
        "efficiencyMuon_err": 0.04904204712860897, 
        "efficiencyMuon": 0.5841584158415841, 
        "muonTimeWindowEnd": 361.0, 
        "muonCMP_err": 0.1188118811881188, 
        "efficiencyAbs": 0.5841584158415841, 
        "muonCMP": 0.6237623762376238, 
        "muonCLS": 1.8253968253968254, 
        "muonTimeWindowBegin": 304.0, 
        "muonTimeWindow": 57.0, 
        "muonCLS_err": 0.2920634920634919, 
        "noiseRate": -1, 
        "noiseTimeWindow": 219.0, 
        "efficiencyAbs_err": 0.04904204712860897, 
        "muonWindowMean": 332.5, 
        "muonWindowSigma": 9.5, 
        "noiseTimeWindowEnd": 600
    }, 
    "input_parameters": {
        "scanid": 353, 
        "scanType": "efficiency", 
        "muonWindowWidth": 3, 
        "timeWindowReject": 100, 
        "noiseOffsetFromMuonWindow": 20, 
        "triggerWindow": 600, 
        "HVPoint": 3
    }
}