{
    "workingPoint_raw": 7546.024741320366, 
    "muonCMP": 1.0444688195645713, 
    "workingPoint_err": 43.59195616264959, 
    "iMonTot": 0.10037391806871207, 
    "muonCLS": 2.4377798013863665, 
    "eff_raw": 96.86675503217705, 
    "iMonTop": 0.07292634368725648, 
    "effMax": 98.3513003191394, 
    "muonCLS_err": 0.10634920634920642, 
    "workingPoint": 7546.0207811695645, 
    "effMax_raw": 98.35165756826306, 
    "muonCMP_err": 0.02970297029702973, 
    "eff": 96.86643450930644, 
    "iMonBot": 0.0274475743814556
}