{
    "output_parameters": {
        "noiseTimeWindowBegin": 381.0, 
        "efficiencyMuon_err": 0.03538447810589639, 
        "efficiencyMuon": 0.1485148514851485, 
        "muonTimeWindowEnd": 361.0, 
        "muonCMP_err": 0.039603960396039584, 
        "efficiencyAbs": 0.1485148514851485, 
        "muonCMP": 0.16831683168316833, 
        "muonCLS": 1.5294117647058822, 
        "muonTimeWindowBegin": 304.0, 
        "muonTimeWindow": 57.0, 
        "muonCLS_err": 0.2913165266106441, 
        "noiseRate": -1, 
        "noiseTimeWindow": 219.0, 
        "efficiencyAbs_err": 0.03538447810589639, 
        "muonWindowMean": 332.5, 
        "muonWindowSigma": 9.5, 
        "noiseTimeWindowEnd": 600
    }, 
    "input_parameters": {
        "scanid": 347, 
        "scanType": "efficiency", 
        "muonWindowWidth": 3, 
        "timeWindowReject": 100, 
        "noiseOffsetFromMuonWindow": 20, 
        "triggerWindow": 600, 
        "HVPoint": 1
    }
}