{
    "output_parameters": {
        "noiseTimeWindowBegin": 381.0, 
        "efficiencyMuon_err": 0.021584329292458213, 
        "efficiencyMuon": 0.9504950495049505, 
        "muonTimeWindowEnd": 361.0, 
        "muonCMP_err": 0.26732673267326734, 
        "efficiencyAbs": 0.9504950495049505, 
        "muonCMP": 0.9702970297029703, 
        "muonCLS": 2.2551020408163267, 
        "muonTimeWindowBegin": 304.0, 
        "muonTimeWindow": 57.0, 
        "muonCLS_err": 0.4871020408163267, 
        "noiseRate": -1, 
        "noiseTimeWindow": 219.0, 
        "efficiencyAbs_err": 0.021584329292458213, 
        "muonWindowMean": 332.5, 
        "muonWindowSigma": 9.5, 
        "noiseTimeWindowEnd": 600
    }, 
    "input_parameters": {
        "scanid": 347, 
        "scanType": "efficiency", 
        "muonWindowWidth": 3, 
        "timeWindowReject": 100, 
        "noiseOffsetFromMuonWindow": 20, 
        "triggerWindow": 600, 
        "HVPoint": 5
    }
}